pdb_id,phenotype,mutation(s),target
1s1q,mut_001,A:D46A,-5.732181949177899
1b27,wt,,-32.23619130191664
1a22,wt,,-21.80207549831834
1a22,mut_224,B:S419A,-21.74491708447839
1a22,mut_044,A:K172A-A:F176A,-15.162584205930884