pdb_id,phenotype,mutation(s),target
1a22,mut_001,B:V325A,-19.71166492526793
1acb,wt,,-22.33270374938051
1b27,wt,,-32.23619130191664