pdb_id,target
1a22,-21.80207549831834
1acb,-22.33270374938051
1b27,-32.23619130191664